id,name,code,user_type_id/id,chart_template_id/id,reconcile
account_activa_account_1,ACTIVO,1.,account.data_account_type_current_assets,l10n_ve_account_SH.ve_sh_chart_template_amd,True
account_activa_account_11,ACTIVO CORRIENTE,1.1,account.data_account_type_current_assets,l10n_ve_account_SH.ve_sh_chart_template_amd,True
account_activa_account_1101,EFECTIVO Y SUS EQUIVALENTES,1.1.01,account.data_account_type_liquidity,l10n_ve_account_SH.ve_sh_chart_template_amd,True
account_activa_account_110101001,CAJA PRINCIPAL -US$,1.1.01.01.001,account.data_account_type_liquidity,l10n_ve_account_SH.ve_sh_chart_template_amd,True
account_activa_account_110101002,CAJA COBRANZA  US$,1.1.01.01.002,account.data_account_type_liquidity,l10n_ve_account_SH.ve_sh_chart_template_amd,True
account_activa_account_110101003,CAJA CHICA en BS (Trud.$),1.1.01.01.003,account.data_account_type_liquidity,l10n_ve_account_SH.ve_sh_chart_template_amd,True
account_activa_account_110101004,CAJA TESORERIA $,1.1.01.01.004,account.data_account_type_liquidity,l10n_ve_account_SH.ve_sh_chart_template_amd,True
account_activa_account_110101005,CAJA CARTERA BITCOIN,1.1.01.01.005,account.data_account_type_liquidity,l10n_ve_account_SH.ve_sh_chart_template_amd,True
account_activa_account_110101006,CAJA AMAZON  GIF CARD,1.1.01.01.006,account.data_account_type_liquidity,l10n_ve_account_SH.ve_sh_chart_template_amd,True
account_activa_account_110101007,CAJA PAYPAL  -Cta. Elect.,1.1.01.01.007,account.data_account_type_liquidity,l10n_ve_account_SH.ve_sh_chart_template_amd,True
account_activa_account_110101008,CAJA CHICA VIATICOS,1.1.01.01.008,account.data_account_type_liquidity,l10n_ve_account_SH.ve_sh_chart_template_amd,True
account_activa_account_110102001,BANCO  BANESCO TTC1 # 710410424,1.1.01.02.001,account.data_account_type_liquidity,l10n_ve_account_SH.ve_sh_chart_template_amd,True
account_activa_account_110102002,BANCO  CARIBE  #2210148127,1.1.01.02.002,account.data_account_type_liquidity,l10n_ve_account_SH.ve_sh_chart_template_amd,True
account_activa_account_110102003,BANCO  PROVINCIAL # 0100014037,1.1.01.02.003,account.data_account_type_liquidity,l10n_ve_account_SH.ve_sh_chart_template_amd,True
account_activa_account_110102004,BANCO  BICENTENARIO # 0075616487,1.1.01.02.004,account.data_account_type_liquidity,l10n_ve_account_SH.ve_sh_chart_template_amd,True
account_activa_account_110102005,BANCO  BANESCO (AGR) #1341,1.1.01.02.005,account.data_account_type_liquidity,l10n_ve_account_SH.ve_sh_chart_template_amd,True
account_activa_account_110102009,TRANSFERENCIAS DE FONDOS CAJAS/BANCOS,1.1.01.02.009,account.data_account_type_liquidity,l10n_ve_account_SH.ve_sh_chart_template_amd,True
account_activa_account_110103,BANCOS MONEDA DIVISAS,1.1.01.03,account.data_account_type_liquidity,l10n_ve_account_SH.ve_sh_chart_template_amd,True
account_activa_account_110103001,BANK WELLS FARGO#1385058761,1.1.01.03.001,account.data_account_type_liquidity,l10n_ve_account_SH.ve_sh_chart_template_amd,True
account_activa_account_110103002,BANK OF AMERICA #898096639176,1.1.01.03.002,account.data_account_type_liquidity,l10n_ve_account_SH.ve_sh_chart_template_amd,True
account_activa_account_110103003,BANCO  BANESCO PANAMÁ (AGR$),1.1.01.03.003,account.data_account_type_liquidity,l10n_ve_account_SH.ve_sh_chart_template_amd,True
account_activa_account_110103004,BANK AIRTM,1.1.01.03.004,account.data_account_type_liquidity,l10n_ve_account_SH.ve_sh_chart_template_amd,True
account_activa_account_110103005,BANK BITCOIN- Cta. Electronica,1.1.01.03.005,account.data_account_type_liquidity,l10n_ve_account_SH.ve_sh_chart_template_amd,True
account_activa_account_110103006,BANK PAYPAL - Cta. Electronica,1.1.01.03.006,account.data_account_type_liquidity,l10n_ve_account_SH.ve_sh_chart_template_amd,True
account_activa_account_1102,DOCUMENTOS  Y CUENTAS  POR  COBRAR,1.1.02,account.data_account_type_receivable,l10n_ve_account_SH.ve_sh_chart_template_amd,True
account_activa_account_110201,CUENTAS POR COBRAR CLIENTES,1.1.02.01,account.data_account_type_receivable,l10n_ve_account_SH.ve_sh_chart_template_amd,True
account_activa_account_110201001,CUENTAS POR COBRAR CLIENTES,1.1.02.01.001,account.data_account_type_receivable,l10n_ve_account_SH.ve_sh_chart_template_amd,True
account_activa_account_110201002,CTAS.POR COBRAR CLIENTES(Ventas) IntCia.,1.1.02.01.002,account.data_account_type_receivable,l10n_ve_account_SH.ve_sh_chart_template_amd,True
account_activa_account_110203,OTRAS CUENTAS POR COBRAR  TERCEROS (PRESTAMOS),1.1.02.03,account.data_account_type_receivable,l10n_ve_account_SH.ve_sh_chart_template_amd,True
account_activa_account_110203001,Ctas.xCOB AGROPECUARIA EL MUNDO DE LA CARNE,1.1.02.03.001,account.data_account_type_receivable,l10n_ve_account_SH.ve_sh_chart_template_amd,True
account_activa_account_110203002,"Ctas.xCOBRAR A.G.R. CARABOBO, C.A.",1.1.02.03.002,account.data_account_type_receivable,l10n_ve_account_SH.ve_sh_chart_template_amd,True
account_activa_account_110203003,Ctas.xCOBRAR TTC TELCO C.A.,1.1.02.03.003,account.data_account_type_receivable,l10n_ve_account_SH.ve_sh_chart_template_amd,True
account_activa_account_110203004,CTAS.xCOBRAR PRESTAMOS INTECOMPAÑIAS,1.1.02.03.004,account.data_account_type_receivable,l10n_ve_account_SH.ve_sh_chart_template_amd,True
account_activa_account_110203005,CUENTAS POR COBRAR ACCIONISTAS,1.1.02.03.005,account.data_account_type_receivable,l10n_ve_account_SH.ve_sh_chart_template_amd,True
account_activa_account_110203006,INTERESES POR COBRAR TERCEROS,1.1.02.03.006,account.data_account_type_receivable,l10n_ve_account_SH.ve_sh_chart_template_amd,True
account_activa_account_110203007,"Ctas.xCOBRAR TUTTOCORP, C.A.",1.1.02.03.007,account.data_account_type_receivable,l10n_ve_account_SH.ve_sh_chart_template_amd,True
account_activa_account_110204,PROVISIONES,1.1.02.04,account.data_account_type_current_assets,l10n_ve_account_SH.ve_sh_chart_template_amd,True
account_activa_account_110204001,PROVISION PARA CUENTAS INCOBRABLES CLIENTES,1.1.02.04.001,account.data_account_type_current_assets,l10n_ve_account_SH.ve_sh_chart_template_amd,True
account_activa_account_1103,ACTIVO POR IMPUESTO CORRIENTE,1.1.03,account.data_account_type_current_assets,l10n_ve_account_SH.ve_sh_chart_template_amd,True
account_activa_account_110301,IMPUESTOS,1.1.03.01,account.data_account_type_current_assets,l10n_ve_account_SH.ve_sh_chart_template_amd,True
account_activa_account_110301001,CREDITO FISCAL IVA,1.1.03.01.001,account.data_account_type_current_assets,l10n_ve_account_SH.ve_sh_chart_template_amd,True
account_activa_account_110301002,EXCEDENTE CREDITO FISCAL IVA,1.1.03.01.002,account.data_account_type_current_assets,l10n_ve_account_SH.ve_sh_chart_template_amd,True
account_activa_account_110301003,RETENCIONES IVA (CLIENTES),1.1.03.01.003,account.data_account_type_current_assets,l10n_ve_account_SH.ve_sh_chart_template_amd,True
account_activa_account_110301004,RETENCIONES ISLR (CLIENTES),1.1.03.01.004,account.data_account_type_current_assets,l10n_ve_account_SH.ve_sh_chart_template_amd,True
account_activa_account_110301005,ANTICIPO IMPUESTO ACTIVIDAD ECONOMICA,1.1.03.01.005,account.data_account_type_current_assets,l10n_ve_account_SH.ve_sh_chart_template_amd,True
account_activa_account_110301006,DECLARACION ESTIMADA IMPUESTO MUNICIPAL,1.1.03.01.006,account.data_account_type_current_assets,l10n_ve_account_SH.ve_sh_chart_template_amd,True
account_activa_account_1104,INVENTARIO,1.1.04,account.data_account_type_current_assets,l10n_ve_account_SH.ve_sh_chart_template_amd,True
account_activa_account_110401,INVENTARIO DE CELULARES,1.1.04.01,account.data_account_type_current_assets,l10n_ve_account_SH.ve_sh_chart_template_amd,True
account_activa_account_1104001,INVENTARIO DE CELULARES,1.1.04.001,account.data_account_type_current_assets,l10n_ve_account_SH.ve_sh_chart_template_amd,True
account_activa_account_110402,INV.: ACC./ REP./BATERIAS CELULARES,1.1.04.02,account.data_account_type_current_assets,l10n_ve_account_SH.ve_sh_chart_template_amd,True
account_activa_account_110402001,INV. ACCESORIO CELULARES,1.1.04.02.001,account.data_account_type_current_assets,l10n_ve_account_SH.ve_sh_chart_template_amd,True
account_activa_account_110402002,INV. REPUESTOS CELULARES,1.1.04.02.002,account.data_account_type_current_assets,l10n_ve_account_SH.ve_sh_chart_template_amd,True
account_activa_account_110402003,INV. BATERIAS  CELULARES,1.1.04.02.003,account.data_account_type_current_assets,l10n_ve_account_SH.ve_sh_chart_template_amd,True
account_activa_account_110403,INVENTARIO DE AUDIO y VIDEO,1.1.04.03,account.data_account_type_current_assets,l10n_ve_account_SH.ve_sh_chart_template_amd,True
account_activa_account_110403001,INVENTARIO AUDIO,1.1.04.03.001,account.data_account_type_current_assets,l10n_ve_account_SH.ve_sh_chart_template_amd,True
account_activa_account_110403002,INVENTARIO VIDEO,1.1.04.03.002,account.data_account_type_current_assets,l10n_ve_account_SH.ve_sh_chart_template_amd,True
account_activa_account_110404,INVENTARIO TELEFONOS FIJOS,1.1.04.04.,account.data_account_type_current_assets,l10n_ve_account_SH.ve_sh_chart_template_amd,True
account_activa_account_110404001,INVENTARIO TELEFONOS FIJOS,1.1.04.04.001,account.data_account_type_current_assets,l10n_ve_account_SH.ve_sh_chart_template_amd,True
account_activa_account_110405,INVENTARIO DE GPS y TV SATELITAL,1.1.04.05.,account.data_account_type_current_assets,l10n_ve_account_SH.ve_sh_chart_template_amd,True
account_activa_account_110405001,INVENTARIO GPS,1.1.04.05.001,account.data_account_type_current_assets,l10n_ve_account_SH.ve_sh_chart_template_amd,True
account_activa_account_110405002,INVENTARIO TV SATELITAL,1.1.04.05.002,account.data_account_type_current_assets,l10n_ve_account_SH.ve_sh_chart_template_amd,True
account_activa_account_110406,INV. DISPOSITIVO DE CONEXIÓN e INTELIGENTE,1.1.04.06.,account.data_account_type_current_assets,l10n_ve_account_SH.ve_sh_chart_template_amd,True
account_activa_account_110406001,INV. DISPOSITIVO DE CONEXIÓN,1.1.04.06.001,account.data_account_type_current_assets,l10n_ve_account_SH.ve_sh_chart_template_amd,True
account_activa_account_110406002,INV. DISPOSITIVO INTELIGENTE,1.1.04.06.002,account.data_account_type_current_assets,l10n_ve_account_SH.ve_sh_chart_template_amd,True
account_activa_account_110407,INV.: EQUIPOS ELECTRONICOS / JUGUETES,1.1.04.07.,account.data_account_type_current_assets,l10n_ve_account_SH.ve_sh_chart_template_amd,True
account_activa_account_110407001,INVENTARIO PLANTAS ELECTRICAS,1.1.04.07.001,account.data_account_type_current_assets,l10n_ve_account_SH.ve_sh_chart_template_amd,True
account_activa_account_110407002,INV. DETECTOR y CONTADOR BILLETES,1.1.04.07.002,account.data_account_type_current_assets,l10n_ve_account_SH.ve_sh_chart_template_amd,True
account_activa_account_110407003,INVENTARIO JUGUETES,1.1.04.07.003,account.data_account_type_current_assets,l10n_ve_account_SH.ve_sh_chart_template_amd,True
account_activa_account_110407004,INV. EQUIPOS ELECTRONICO,1.1.04.07.004,account.data_account_type_current_assets,l10n_ve_account_SH.ve_sh_chart_template_amd,True
account_activa_account_110408,INVENTARIO DE CONFITERIA VIVERES,1.1.04.08.,account.data_account_type_current_assets,l10n_ve_account_SH.ve_sh_chart_template_amd,True
account_activa_account_110408001,INVENTARIO DE CONFITERIA VIVERES,1.1.04.08.001,account.data_account_type_current_assets,l10n_ve_account_SH.ve_sh_chart_template_amd,True
account_activa_account_1105,OTROS ACTIVOS NO FINANCIEROS,1.1.05.,account.data_account_type_current_assets,l10n_ve_account_SH.ve_sh_chart_template_amd,True
account_activa_account_110501,ANTICIPOS PAGADOS,1.1.05.01.,account.data_account_type_current_assets,l10n_ve_account_SH.ve_sh_chart_template_amd,True
account_activa_account_110501001,ANTICIPOS A PROVEEDORES NACIONALES,1.1.05.01.001,account.data_account_type_current_assets,l10n_ve_account_SH.ve_sh_chart_template_amd,True
account_activa_account_110501002,ANTICIPOS A PROVEEDORES EXTRANJEROS,1.1.05.01.002,account.data_account_type_current_assets,l10n_ve_account_SH.ve_sh_chart_template_amd,True
account_activa_account_110501003,DEPOSITOS DEL LOCAL,1.1.05.01.003,account.data_account_type_current_assets,l10n_ve_account_SH.ve_sh_chart_template_amd,True
account_activa_account_110501004,DEPOSITO ALQUILER DE EQUIPOS,1.1.05.01.004,account.data_account_type_current_assets,l10n_ve_account_SH.ve_sh_chart_template_amd,True
account_activa_account_12,ACTIVO NO CORRIENTES,1.2.,account.data_account_type_non_current_assets,l10n_ve_account_SH.ve_sh_chart_template_amd,True
account_activa_account_1201,"PROPIEDAD, PLANTA Y EQUIPO",1.2.01.,account.data_account_type_non_current_assets,l10n_ve_account_SH.ve_sh_chart_template_amd,True
account_activa_account_120101,BIENES INMUEBLES,1.2.01.01.,account.data_account_type_non_current_assets,l10n_ve_account_SH.ve_sh_chart_template_amd,True
account_activa_account_120101001,TERRENO,1.2.01.01.001,account.data_account_type_non_current_assets,l10n_ve_account_SH.ve_sh_chart_template_amd,True
account_activa_account_120101002,EDIFICIO,1.2.01.01.002,account.data_account_type_non_current_assets,l10n_ve_account_SH.ve_sh_chart_template_amd,True
account_activa_account_120102,BIENES MUEBLES,1.2.01.02.,account.data_account_type_non_current_assets,l10n_ve_account_SH.ve_sh_chart_template_amd,True
account_activa_account_120102001,MAQUINARIA,1.2.01.02.001,account.data_account_type_non_current_assets,l10n_ve_account_SH.ve_sh_chart_template_amd,True
account_activa_account_120102002,MOBILIARIOS,1.2.01.02.002,account.data_account_type_non_current_assets,l10n_ve_account_SH.ve_sh_chart_template_amd,True
account_activa_account_120102003,EQUIPO DE OFICINA,1.2.01.02.003,account.data_account_type_non_current_assets,l10n_ve_account_SH.ve_sh_chart_template_amd,True
account_activa_account_120102004,VEHICULOS,1.2.01.02.004,account.data_account_type_non_current_assets,l10n_ve_account_SH.ve_sh_chart_template_amd,True
account_activa_account_120102005,HERRAMIENTAS,1.2.01.02.005,account.data_account_type_non_current_assets,l10n_ve_account_SH.ve_sh_chart_template_amd,True
account_activa_account_120102006,EQUPOS DE COMPUTACION,1.2.01.02.006,account.data_account_type_non_current_assets,l10n_ve_account_SH.ve_sh_chart_template_amd,True
account_activa_account_120104,DEPRECIACION Y AMORTIZACION ACUMULADA,1.2.01.04.,account.data_account_type_non_current_assets,l10n_ve_account_SH.ve_sh_chart_template_amd,True
account_activa_account_120104001,DEPRECIACION  ACUM. MAQUINARIA,1.2.01.04.001,account.data_account_type_non_current_assets,l10n_ve_account_SH.ve_sh_chart_template_amd,True
account_activa_account_120104002,DEPRECIACION  ACUM. MOBILIARIOS,1.2.01.04.002,account.data_account_type_non_current_assets,l10n_ve_account_SH.ve_sh_chart_template_amd,True
account_activa_account_120104003,DEPRECIACION  ACUM. EQUIPO DE OFICINA,1.2.01.04.003,account.data_account_type_non_current_assets,l10n_ve_account_SH.ve_sh_chart_template_amd,True
account_activa_account_120104004,DEPRECIACION  ACUM. VEHICULOS,1.2.01.04.004,account.data_account_type_non_current_assets,l10n_ve_account_SH.ve_sh_chart_template_amd,True
account_activa_account_120104005,DEPRECIACION  ACUM. HERRAMIENTAS,1.2.01.04.005,account.data_account_type_non_current_assets,l10n_ve_account_SH.ve_sh_chart_template_amd,True
account_activa_account_120104006,DEP. ACUM. EQUIPOS COMPUTACION,1.2.01.04.006,account.data_account_type_non_current_assets,l10n_ve_account_SH.ve_sh_chart_template_amd,True
account_activa_account_120104007,DEP. ACUM. ARRENDAMIENTO EDIFICIO Y LOCALES,1.2.01.04.007,account.data_account_type_non_current_assets,l10n_ve_account_SH.ve_sh_chart_template_amd,True
account_activa_account_120104008,DEP  ACUM. ARRENDAMIENTO MAQ. Y EQUIPOS,1.2.01.04.008,account.data_account_type_non_current_assets,l10n_ve_account_SH.ve_sh_chart_template_amd,True
account_activa_account_120104099,AMORTIZACIONES,1.2.01.04.099,account.data_account_type_non_current_assets,l10n_ve_account_SH.ve_sh_chart_template_amd,True
account_activa_account_1203,ACTIVOS POR IMPUESTOS DIFERIDOS,1.2.03.,account.data_account_type_non_current_assets,l10n_ve_account_SH.ve_sh_chart_template_amd,True
account_activa_account_120301,IMPUESTOS DIFERIDOS,1.2.03.01.,account.data_account_type_non_current_assets,l10n_ve_account_SH.ve_sh_chart_template_amd,True
account_activa_account_120301001,IMPUESTOS DIFERIDOS,1.2.03.01.001,account.data_account_type_non_current_assets,l10n_ve_account_SH.ve_sh_chart_template_amd,True
account_activa_account_1204,ACTIVOS INTANGIBLES Y PLUSVALIA,1.2.04.,account.data_account_type_non_current_assets,l10n_ve_account_SH.ve_sh_chart_template_amd,True
account_activa_account_120401,BIENES INTANGIBLES,1.2.04.01.,account.data_account_type_non_current_assets,l10n_ve_account_SH.ve_sh_chart_template_amd,True
account_activa_account_120401001,SOFTWARE,1.2.04.01.001,account.data_account_type_non_current_assets,l10n_ve_account_SH.ve_sh_chart_template_amd,True
account_activa_account_120401002,PLUSVALIA,1.2.04.01.002,account.data_account_type_non_current_assets,l10n_ve_account_SH.ve_sh_chart_template_amd,True
account_activa_account_120402,AMORTIZACION ACUMULADA,1.2.04.02.,account.data_account_type_non_current_assets,l10n_ve_account_SH.ve_sh_chart_template_amd,True
account_activa_account_120402001,AMORTIZACION ACUMULADA SOFTWARE,1.2.04.02.001,account.data_account_type_non_current_assets,l10n_ve_account_SH.ve_sh_chart_template_amd,True
account_activa_account_120402002,AMORTIZACION ACUMULADA PLUSVALIA,1.2.04.02.002,account.data_account_type_non_current_assets,l10n_ve_account_SH.ve_sh_chart_template_amd,True
account_activa_account_2,PASIVO,2.,account.data_account_type_current_liabilities,l10n_ve_account_SH.ve_sh_chart_template_amd,True
account_activa_account_21,PASIVO CORRIENTE,2.1.,account.data_account_type_current_liabilities,l10n_ve_account_SH.ve_sh_chart_template_amd,True
account_activa_account_2101,OBLIGACIONES BANCARIAS,2.1.01.,account.data_account_type_current_liabilities,l10n_ve_account_SH.ve_sh_chart_template_amd,True
account_activa_account_210101,PRESTAMOS BANCARIOS,2.1.01.01.,account.data_account_type_current_liabilities,l10n_ve_account_SH.ve_sh_chart_template_amd,True
account_activa_account_210101001,PRESTAMO BANESCO Cta.# 1860,2.1.01.01.001,account.data_account_type_current_liabilities,l10n_ve_account_SH.ve_sh_chart_template_amd,True
account_activa_account_210101002,PRESTAMO Bco. CARIBE Cta.# 8127,2.1.01.01.002,account.data_account_type_current_liabilities,l10n_ve_account_SH.ve_sh_chart_template_amd,True
account_activa_account_210101003,PRESTAMO Bco.PROVINCIAL Cta.# 4037,2.1.01.01.003,account.data_account_type_current_liabilities,l10n_ve_account_SH.ve_sh_chart_template_amd,True
account_activa_account_210101004,PRESTAMO Bco.BICENTENARIO # 6487,2.1.01.01.004,account.data_account_type_current_liabilities,l10n_ve_account_SH.ve_sh_chart_template_amd,True
account_activa_account_210102,OBLIGACIONES POR ARRENDAMIENTO FINANCIERO,2.1.01.02.,account.data_account_type_current_liabilities,l10n_ve_account_SH.ve_sh_chart_template_amd,True
account_activa_account_210103,INTERESES POR PAGAR,2.1.01.03.,account.data_account_type_payable,l10n_ve_account_SH.ve_sh_chart_template_amd,True
account_activa_account_2102,DOCUMENTOS Y CUENTAS POR PAGAR,2.1.02.,account.data_account_type_payable,l10n_ve_account_SH.ve_sh_chart_template_amd,True
account_activa_account_210201,CUENTAS POR PAGAR PROVEEDORES,2.1.02.01.,account.data_account_type_payable,l10n_ve_account_SH.ve_sh_chart_template_amd,True
account_activa_account_210201001,CTAS.x PAGAR PROVEEDORES NAC (Trad. $),2.1.02.01.001,account.data_account_type_payable,l10n_ve_account_SH.ve_sh_chart_template_amd,True
account_activa_account_210201003,CTAS.xPAGAR PROVEEDORS US$,2.1.02.01.003.,account.data_account_type_payable,l10n_ve_account_SH.ve_sh_chart_template_amd,True
account_activa_account_210201004,CTAS.XPAGAR PROVEEDORES INTERCOMPAÑIAS,2.1.02.01.004,account.data_account_type_payable,l10n_ve_account_SH.ve_sh_chart_template_amd,True
account_activa_account_210201005,CTAS.XPAGAR ACCIONISTAS,2.1.02.01.005,account.data_account_type_payable,l10n_ve_account_SH.ve_sh_chart_template_amd,True
account_activa_account_210202,CUENTAS POR PAGAR A TERCEROS,2.1.02.02.,account.data_account_type_payable,l10n_ve_account_SH.ve_sh_chart_template_amd,True
account_activa_account_210202001,ALQUILERES POR PAGAR,2.1.02.02.001,account.data_account_type_payable,l10n_ve_account_SH.ve_sh_chart_template_amd,True
account_activa_account_210202002,HONORARIOS POR PAGAR,2.1.02.02.002,account.data_account_type_payable,l10n_ve_account_SH.ve_sh_chart_template_amd,True
account_activa_account_210202003,ANTICIPO DE CLIENTES,2.1.02.02.003,account.data_account_type_payable,l10n_ve_account_SH.ve_sh_chart_template_amd,True
account_activa_account_210202004,DIVIDENDOS POR PAGAR,2.1.02.02.004,account.data_account_type_payable,l10n_ve_account_SH.ve_sh_chart_template_amd,True
account_activa_account_2103,OBLIGACIONES TRIBUTARIAS,2.1.03.,account.data_account_type_current_liabilities,l10n_ve_account_SH.ve_sh_chart_template_amd,True
account_activa_account_210301,IMPUESTO AL VALOR AGREGADO (IVA),2.1.03.01.,account.data_account_type_current_liabilities,l10n_ve_account_SH.ve_sh_chart_template_amd,True
account_activa_account_210301001,DEBITO FISCAL IVA,2.1.03.01.001,account.data_account_type_current_liabilities,l10n_ve_account_SH.ve_sh_chart_template_amd,True
account_activa_account_210301002,IVA POR PAGAR,2.1.03.01.002,account.data_account_type_current_liabilities,l10n_ve_account_SH.ve_sh_chart_template_amd,True
account_activa_account_210301003,RETENCIONES IVA POR PAGAR,2.1.03.01.003,account.data_account_type_current_liabilities,l10n_ve_account_SH.ve_sh_chart_template_amd,True
account_activa_account_210302,IMPUESTOS MUNICIPALES,2.1.03.02.,account.data_account_type_current_liabilities,l10n_ve_account_SH.ve_sh_chart_template_amd,True
account_activa_account_210302001,PATENTE DE INDUSTRIA Y COMERCIO,2.1.03.02.001,account.data_account_type_current_liabilities,l10n_ve_account_SH.ve_sh_chart_template_amd,True
account_activa_account_210302002,RETENCIONES IMPUESTO MUNICIPAL,2.1.03.02.002,account.data_account_type_current_liabilities,l10n_ve_account_SH.ve_sh_chart_template_amd,True
account_activa_account_210303,I.S.L.R. POR PAGAR,2.1.03.03.,account.data_account_type_current_liabilities,l10n_ve_account_SH.ve_sh_chart_template_amd,True
account_activa_account_210303001,ISLR POR PAGAR,2.1.03.03.001,account.data_account_type_current_liabilities,l10n_ve_account_SH.ve_sh_chart_template_amd,True
account_activa_account_210303002,RETENCIONES ISLR POR PAGAR,2.1.03.03.002,account.data_account_type_current_liabilities,l10n_ve_account_SH.ve_sh_chart_template_amd,True
account_activa_account_210303003,ANTICIPO ISLR POR PAGAR,2.1.03.03.003,account.data_account_type_current_liabilities,l10n_ve_account_SH.ve_sh_chart_template_amd,True
account_activa_account_210303004,IMPTO. PROPAGANDA MUNICIPAL,2.1.03.03.004,account.data_account_type_current_liabilities,l10n_ve_account_SH.ve_sh_chart_template_amd,True
account_activa_account_2104,OBLIGACIONES LEGALES,2.1.04.,account.data_account_type_current_liabilities,l10n_ve_account_SH.ve_sh_chart_template_amd,True
account_activa_account_210401,APORTES LEGALES,2.1.04.01.,account.data_account_type_current_liabilities,l10n_ve_account_SH.ve_sh_chart_template_amd,True
account_activa_account_210401001,APORTE FONDO DEL DEPORTE,2.1.04.01.001,account.data_account_type_current_liabilities,l10n_ve_account_SH.ve_sh_chart_template_amd,True
account_activa_account_210401002,APORTE LOCTI POR PAGAR,2.1.04.01.002,account.data_account_type_current_liabilities,l10n_ve_account_SH.ve_sh_chart_template_amd,True
account_activa_account_210401003,APORTE LEY ANTIDROGA-FONA,2.1.04.01.003,account.data_account_type_current_liabilities,l10n_ve_account_SH.ve_sh_chart_template_amd,True
account_activa_account_210402,APORTES Y RETENCIONES LABORALES,2.1.04.02.,account.data_account_type_current_liabilities,l10n_ve_account_SH.ve_sh_chart_template_amd,True
account_activa_account_210402001,APORTE IVSS POR PAGAR,2.1.04.02.001,account.data_account_type_current_liabilities,l10n_ve_account_SH.ve_sh_chart_template_amd,True
account_activa_account_210402002,APORTE PARO FORZOSO POR PAGAR,2.1.04.02.002,account.data_account_type_current_liabilities,l10n_ve_account_SH.ve_sh_chart_template_amd,True
account_activa_account_210402003,APORTE FAOV POR PAGAR,2.1.04.02.003,account.data_account_type_current_liabilities,l10n_ve_account_SH.ve_sh_chart_template_amd,True
account_activa_account_210402004,APORTE INCES POR PAGAR,2.1.04.02.004,account.data_account_type_current_liabilities,l10n_ve_account_SH.ve_sh_chart_template_amd,True
account_activa_account_2105,OBLIGACIONES LABORALES,2.1.05.,account.data_account_type_current_liabilities,l10n_ve_account_SH.ve_sh_chart_template_amd,True
account_activa_account_210501,OBLIGACIONES LABORALES POR PAGAR,2.1.05.01.,account.data_account_type_current_liabilities,l10n_ve_account_SH.ve_sh_chart_template_amd,True
account_activa_account_210501001,NOMINA POR PAGAR,2.1.05.01.001,account.data_account_type_current_liabilities,l10n_ve_account_SH.ve_sh_chart_template_amd,True
account_activa_account_210501002,CESTA TICKETS POR PAGAR,2.1.05.01.002,account.data_account_type_current_liabilities,l10n_ve_account_SH.ve_sh_chart_template_amd,True
account_activa_account_210501003,BONIFICACIONES POR PAGAR,2.1.05.01.003,account.data_account_type_current_liabilities,l10n_ve_account_SH.ve_sh_chart_template_amd,True
account_activa_account_210501005,LIQUIDACIONES POR PAGAR,2.1.05.01.005,account.data_account_type_current_liabilities,l10n_ve_account_SH.ve_sh_chart_template_amd,True
account_activa_account_210501006,VACACIONES POR PAGAR,2.1.05.01.006,account.data_account_type_current_liabilities,l10n_ve_account_SH.ve_sh_chart_template_amd,True
account_activa_account_210501007,UTILIDADES POR PAGAR,2.1.05.01.007,account.data_account_type_current_liabilities,l10n_ve_account_SH.ve_sh_chart_template_amd,True
account_activa_account_210501008,PRESATACIONES SOCIALES POR PAGAR,2.1.05.01.008,account.data_account_type_current_liabilities,l10n_ve_account_SH.ve_sh_chart_template_amd,True
account_activa_account_210501010,RETENCIONES IVSS POR PAGAR,2.1.05.01.010,account.data_account_type_current_liabilities,l10n_ve_account_SH.ve_sh_chart_template_amd,True
account_activa_account_210501011,RETENCIONES PARO FORZOSO POR PAGAR,2.1.05.01.011,account.data_account_type_current_liabilities,l10n_ve_account_SH.ve_sh_chart_template_amd,True
account_activa_account_210501012,RETENCIONES FAOV POR PAGAR,2.1.05.01.012,account.data_account_type_current_liabilities,l10n_ve_account_SH.ve_sh_chart_template_amd,True
account_activa_account_210501013,RETENCIONES INCES POR PAGAR,2.1.05.01.013,account.data_account_type_current_liabilities,l10n_ve_account_SH.ve_sh_chart_template_amd,True
account_activa_account_210502,PROVISIONES LABORALES,2.1.05.02.,account.data_account_type_current_liabilities,l10n_ve_account_SH.ve_sh_chart_template_amd,True
account_activa_account_210502001,PROVISION PRESTACIONES SOCIALES,2.1.05.02.001,account.data_account_type_current_liabilities,l10n_ve_account_SH.ve_sh_chart_template_amd,True
account_activa_account_210502002,PROVISION INTERESES SOBRE PRESTACIONES SOCIALES,2.1.05.02.002,account.data_account_type_current_liabilities,l10n_ve_account_SH.ve_sh_chart_template_amd,True
account_activa_account_210502005,PROVISION UTILIDADES,2.1.05.02.005,account.data_account_type_current_liabilities,l10n_ve_account_SH.ve_sh_chart_template_amd,True
account_activa_account_210502006,PROVISION VACACIONES,2.1.05.02.006,account.data_account_type_current_liabilities,l10n_ve_account_SH.ve_sh_chart_template_amd,True
account_activa_account_22,PASIVOS NO CORRIENTES,2.2.,account.data_account_type_non_current_liabilities,l10n_ve_account_SH.ve_sh_chart_template_amd,True
account_activa_account_2201,OBLIGACIONES BANCARIAS A LARGO PLAZO,2.2.01.,account.data_account_type_non_current_liabilities,l10n_ve_account_SH.ve_sh_chart_template_amd,True
account_activa_account_220101,PRESTAMOS BANCARIOS A LARGO PLAZO,2.2.01.01.,account.data_account_type_non_current_liabilities,l10n_ve_account_SH.ve_sh_chart_template_amd,True
account_activa_account_220102,OBLIAGACIONES POR ARRENDAMIENTOS FINANCIEROS LP,2.2.01.02.,account.data_account_type_non_current_liabilities,l10n_ve_account_SH.ve_sh_chart_template_amd,True
account_activa_account_2202,DOCUMENTOS Y CUENTAS POR PAGAR A LARGO PLAZO,2.2.02.,account.data_account_type_non_current_liabilities,l10n_ve_account_SH.ve_sh_chart_template_amd,True
account_activa_account_220201,CUENTAS POR PAGAR A LARGO PLAZO,2.2.02.01.,account.data_account_type_non_current_liabilities,l10n_ve_account_SH.ve_sh_chart_template_amd,True
account_activa_account_220201001,CUENTAS POR PAGAR DIRECTORES,2.2.02.01.001,account.data_account_type_non_current_liabilities,l10n_ve_account_SH.ve_sh_chart_template_amd,True
account_activa_account_2203,PASIVOS POR IMPUESTOS DIFERIDOS,2.2.03.,account.data_account_type_non_current_liabilities,l10n_ve_account_SH.ve_sh_chart_template_amd,True
account_activa_account_220301,IMPUESTOS DIFERIDOS,2.2.03.01.,account.data_account_type_non_current_liabilities,l10n_ve_account_SH.ve_sh_chart_template_amd,True
account_activa_account_220301001,ISLR DIFERIDO,2.2.03.01.001,account.data_account_type_non_current_liabilities,l10n_ve_account_SH.ve_sh_chart_template_amd,True
account_activa_account_3,PATRIMONIO,3.,account.data_account_type_equity,l10n_ve_account_SH.ve_sh_chart_template_amd,True
account_activa_account_31,CAPITAL CONTABLE,3.1.,account.data_account_type_equity,l10n_ve_account_SH.ve_sh_chart_template_amd,True
account_activa_account_3101,CAPITAL SOCIAL,3.1.01.,account.data_account_type_equity,l10n_ve_account_SH.ve_sh_chart_template_amd,True
account_activa_account_310101,CAPITAL SUSCRITO Y PAGADO,3.1.01.01.,account.data_account_type_equity,l10n_ve_account_SH.ve_sh_chart_template_amd,True
account_activa_account_310101001,CAPITAL SOCIAL,3.1.01.01.001,account.data_account_type_equity,l10n_ve_account_SH.ve_sh_chart_template_amd,True
account_activa_account_3102,RESERVAS,3.1.02.,account.data_account_type_equity,l10n_ve_account_SH.ve_sh_chart_template_amd,True
account_activa_account_310201,RESERVA LEGAL,3.1.02.01.,account.data_account_type_equity,l10n_ve_account_SH.ve_sh_chart_template_amd,True
account_activa_account_310201001,RESERVA LEGAL,3.1.02.01.001,account.data_account_type_equity,l10n_ve_account_SH.ve_sh_chart_template_amd,True
account_activa_account_310201002,OTRAS RESERVAS LEGALES,3.1.02.01.002,account.data_account_type_equity,l10n_ve_account_SH.ve_sh_chart_template_amd,True
account_activa_account_3103,RESULTADOS ACUMULADOS,3.1.03.,account.data_account_type_equity,l10n_ve_account_SH.ve_sh_chart_template_amd,True
account_activa_account_310301,RESULTADOS ACUMULADOS PERIODOS ANTERIORES,3.1.03.01.,account.data_account_type_equity,l10n_ve_account_SH.ve_sh_chart_template_amd,True
account_activa_account_310301001,UTILIDADES /DEFICIT NO DISTRIBUIDAS,3.1.03.01.001,account.data_account_type_equity,l10n_ve_account_SH.ve_sh_chart_template_amd,True
account_activa_account_310302,RESULTADO DEL EJERCICIO,3.1.03.02.,account.data_account_type_equity,l10n_ve_account_SH.ve_sh_chart_template_amd,True
account_activa_account_310302001,UTILIDAD/DEFICIT DEL EJERCICIO,3.1.03.02.001,account.data_account_type_equity,l10n_ve_account_SH.ve_sh_chart_template_amd,True
account_activa_account_4,INGRESOS,4.,account.data_account_type_revenue,l10n_ve_account_SH.ve_sh_chart_template_amd,True
account_activa_account_41,INGRESOS OPERACIONALES,4.1.,account.data_account_type_revenue,l10n_ve_account_SH.ve_sh_chart_template_amd,True
account_activa_account_4102,INGRESOS por VENTAS,4.1.02.,account.data_account_type_revenue,l10n_ve_account_SH.ve_sh_chart_template_amd,True
account_activa_account_410201,INGRESOS POR VENTA DE MERCANCIAS,4.1.02.01.,account.data_account_type_revenue,l10n_ve_account_SH.ve_sh_chart_template_amd,True
account_activa_account_410201001,VENTAS de CELULARES,4.1.02.01.001,account.data_account_type_revenue,l10n_ve_account_SH.ve_sh_chart_template_amd,True
account_activa_account_410201002,VENTAS ACCESORIO CELULARES,4.1.02.01.002,account.data_account_type_revenue,l10n_ve_account_SH.ve_sh_chart_template_amd,True
account_activa_account_410201003,VENTAS REPUESTOS CELULARES,4.1.02.01.003,account.data_account_type_revenue,l10n_ve_account_SH.ve_sh_chart_template_amd,True
account_activa_account_410201004,VENTAS BATERIAS  CELULARES,4.1.02.01.004,account.data_account_type_revenue,l10n_ve_account_SH.ve_sh_chart_template_amd,True
account_activa_account_410201005,VENTAS AUDIO,4.1.02.01.005,account.data_account_type_revenue,l10n_ve_account_SH.ve_sh_chart_template_amd,True
account_activa_account_410201006,VENTAS VIDEO,4.1.02.01.006,account.data_account_type_revenue,l10n_ve_account_SH.ve_sh_chart_template_amd,True
account_activa_account_410201007,VENTAS TELEFONOS FIJOS,4.1.02.01.007,account.data_account_type_revenue,l10n_ve_account_SH.ve_sh_chart_template_amd,True
account_activa_account_410201008,VENTAS GPS,4.1.02.01.008,account.data_account_type_revenue,l10n_ve_account_SH.ve_sh_chart_template_amd,True
account_activa_account_410201009,VENTAS TV SATELITAL,4.1.02.01.009,account.data_account_type_revenue,l10n_ve_account_SH.ve_sh_chart_template_amd,True
account_activa_account_410201010,VENTAS DISPOSITIVO DE CONEXIÓN,4.1.02.01.010,account.data_account_type_revenue,l10n_ve_account_SH.ve_sh_chart_template_amd,True
account_activa_account_410201011,VENTAS DISPOSITIVO INTELIGENTE,4.1.02.01.011,account.data_account_type_revenue,l10n_ve_account_SH.ve_sh_chart_template_amd,True
account_activa_account_410201012,VENTAS PLANTAS ELECTRICAS,4.1.02.01.012,account.data_account_type_revenue,l10n_ve_account_SH.ve_sh_chart_template_amd,True
account_activa_account_410201013,VENTAS DETECTOR y CONTADOR BILLETES,4.1.02.01.013,account.data_account_type_revenue,l10n_ve_account_SH.ve_sh_chart_template_amd,True
account_activa_account_410201014,VENTAS JUGUETES,4.1.02.01.014,account.data_account_type_revenue,l10n_ve_account_SH.ve_sh_chart_template_amd,True
account_activa_account_410201015,VENTAS EQUIPOS ELECTRONICO,4.1.02.01.015,account.data_account_type_revenue,l10n_ve_account_SH.ve_sh_chart_template_amd,True
account_activa_account_410201020,VENTAS CONFINTERIA/VIVERES,4.1.02.01.020,account.data_account_type_revenue,l10n_ve_account_SH.ve_sh_chart_template_amd,True
account_activa_account_410202,INGRESOS POR  SERVICIOS,4.1.02.02.,account.data_account_type_revenue,l10n_ve_account_SH.ve_sh_chart_template_amd,True
account_activa_account_410202001,INGRESOS POR SERVICIOS,4.1.02.02.001,account.data_account_type_revenue,l10n_ve_account_SH.ve_sh_chart_template_amd,True
account_activa_account_410203,INGRESOS POR VENTAS DE DESPERDICIOS,4.1.02.03.,account.data_account_type_revenue,l10n_ve_account_SH.ve_sh_chart_template_amd,True
account_activa_account_410203001,INGRESOS POR VENTAS DE DESPERDICIOS,4.1.02.03.001,account.data_account_type_revenue,l10n_ve_account_SH.ve_sh_chart_template_amd,True
account_activa_account_410204,DESCUENTOS POR PRONTO PAGO,4.1.02.04.,account.data_account_type_revenue,l10n_ve_account_SH.ve_sh_chart_template_amd,True
account_activa_account_410204001,DESCUENTOS POR PRONTO PAGO,4.1.02.04.001,account.data_account_type_revenue,l10n_ve_account_SH.ve_sh_chart_template_amd,True
account_activa_account_410205,REBAJAS Y DEVOLUCIONES,4.1.02.05.,account.data_account_type_revenue,l10n_ve_account_SH.ve_sh_chart_template_amd,True
account_activa_account_410205001,REBAJAS Y DEVOLUCIONES,4.1.02.05.001,account.data_account_type_revenue,l10n_ve_account_SH.ve_sh_chart_template_amd,True
account_activa_account_4103,OTROS INGRESOS OPERACIONALES,4.1.03.,account.data_account_type_revenue,l10n_ve_account_SH.ve_sh_chart_template_amd,True
account_activa_account_42,INGRESOS NO OPERACIONALES,4.2.,account.data_account_type_revenue,l10n_ve_account_SH.ve_sh_chart_template_amd,True
account_activa_account_4201,INGRESOS FINANCIEROS,4.2.01.,account.data_account_type_revenue,l10n_ve_account_SH.ve_sh_chart_template_amd,True
account_activa_account_420101,INGRESOS POR INTERESES,4.2.01.01.,account.data_account_type_revenue,l10n_ve_account_SH.ve_sh_chart_template_amd,True
account_activa_account_420101001,ING.x INTERESES COMERCIALES,4.2.01.01.001,account.data_account_type_revenue,l10n_ve_account_SH.ve_sh_chart_template_amd,True
account_activa_account_420101002,ING.x INTERESES BANCARIOS,4.2.01.01.002,account.data_account_type_revenue,l10n_ve_account_SH.ve_sh_chart_template_amd,True
account_activa_account_420101003,ING.x COMISIONES,4.2.01.01.003,account.data_account_type_revenue,l10n_ve_account_SH.ve_sh_chart_template_amd,True
account_activa_account_420101004,ING.x SERVICIOS FIANCIEROS,4.2.01.01.004,account.data_account_type_revenue,l10n_ve_account_SH.ve_sh_chart_template_amd,True
account_activa_account_4202,OTROS INGRESOS,4.2.02.,account.data_account_type_other_income,l10n_ve_account_SH.ve_sh_chart_template_amd,True
account_activa_account_420201,OTROS INGRESOS,4.2.02.01.,account.data_account_type_other_income,l10n_ve_account_SH.ve_sh_chart_template_amd,True
account_activa_account_420201001,OTROS INGRESOS,4.2.02.01.001,account.data_account_type_other_income,l10n_ve_account_SH.ve_sh_chart_template_amd,True
account_activa_account_4203,INGRESOS POR  IMPUESTO DIFERIDO,4.2.03.,account.data_account_type_other_income,l10n_ve_account_SH.ve_sh_chart_template_amd,True
account_activa_account_420301,INGRESOS POR  IMPUESTO DIFERIDO,4.2.03.01.,account.data_account_type_other_income,l10n_ve_account_SH.ve_sh_chart_template_amd,True
account_activa_account_420301001,INGRESOS POR  IMPUESTO DIFERIDO,4.2.03.01.001,account.data_account_type_other_income,l10n_ve_account_SH.ve_sh_chart_template_amd,True
account_activa_account_5,COSTOS,5.,account.data_account_type_direct_costs,l10n_ve_account_SH.ve_sh_chart_template_amd,True
account_activa_account_51,COSTOS DE VENTAS,5.1.,account.data_account_type_direct_costs,l10n_ve_account_SH.ve_sh_chart_template_amd,True
account_activa_account_5101,COSTOS DE VENTAS,5.1.01.,account.data_account_type_direct_costs,l10n_ve_account_SH.ve_sh_chart_template_amd,True
account_activa_account_510101,COSTOS POR VENTAS DE MERCANCIAS,5.1.01.01.,account.data_account_type_direct_costs,l10n_ve_account_SH.ve_sh_chart_template_amd,True
account_activa_account_510101001,CTOS. VENTAS CELULARES,5.1.01.01.001,account.data_account_type_direct_costs,l10n_ve_account_SH.ve_sh_chart_template_amd,True
account_activa_account_510101002,CTO. VENTAS ACCESORIO CELULARES,5.1.01.01.002,account.data_account_type_direct_costs,l10n_ve_account_SH.ve_sh_chart_template_amd,True
account_activa_account_510101003,CTOS. VENTAS REPUESTOS CELULARES,5.1.01.01.003,account.data_account_type_direct_costs,l10n_ve_account_SH.ve_sh_chart_template_amd,True
account_activa_account_510101004,CTOS. VENTAS BATERIAS CELULARES,5.1.01.01.004,account.data_account_type_direct_costs,l10n_ve_account_SH.ve_sh_chart_template_amd,True
account_activa_account_510101005,CTOS. VENTAS AUDIO,5.1.01.01.005,account.data_account_type_direct_costs,l10n_ve_account_SH.ve_sh_chart_template_amd,True
account_activa_account_510101006,CTOS. VENTAS VIDEO,5.1.01.01.006,account.data_account_type_direct_costs,l10n_ve_account_SH.ve_sh_chart_template_amd,True
account_activa_account_510101007,CTOS. VENTAS TELEFONOS FIJOS,5.1.01.01.007,account.data_account_type_direct_costs,l10n_ve_account_SH.ve_sh_chart_template_amd,True
account_activa_account_510101008,CTOS. VENTAS GPS,5.1.01.01.008,account.data_account_type_direct_costs,l10n_ve_account_SH.ve_sh_chart_template_amd,True
account_activa_account_510101009,CTOS. VENTAS TV SATELITAL + Servicos TV,5.1.01.01.009,account.data_account_type_direct_costs,l10n_ve_account_SH.ve_sh_chart_template_amd,True
account_activa_account_510101010,CTOS. VENTAS DISPOSITIVO DE CONEXION,5.1.01.01.010,account.data_account_type_direct_costs,l10n_ve_account_SH.ve_sh_chart_template_amd,True
account_activa_account_510101011,CTOS. VENTAS DISPOSITIVO INTELIGENTE,5.1.01.01.011,account.data_account_type_direct_costs,l10n_ve_account_SH.ve_sh_chart_template_amd,True
account_activa_account_510101012,CTOS. VENTAS PLANTAS ELECTRICAS,5.1.01.01.012,account.data_account_type_direct_costs,l10n_ve_account_SH.ve_sh_chart_template_amd,True
account_activa_account_510101013,CTOS. VENTAS DETECTOR y COTADOR BILLETES,5.1.01.01.013,account.data_account_type_direct_costs,l10n_ve_account_SH.ve_sh_chart_template_amd,True
account_activa_account_510101014,CTOS. VENTAS JUGUETES,5.1.01.01.014,account.data_account_type_direct_costs,l10n_ve_account_SH.ve_sh_chart_template_amd,True
account_activa_account_510101015,CTO. VENTAS EQUIPOS ELECTRONICO,5.1.01.01.015,account.data_account_type_direct_costs,l10n_ve_account_SH.ve_sh_chart_template_amd,True
account_activa_account_510101018,CTO. VENTAS CONFINTERIA/VIVERES,5.1.01.01.018,account.data_account_type_direct_costs,l10n_ve_account_SH.ve_sh_chart_template_amd,True
account_activa_account_510101021,COSTOS DE ADUANA + FLETES,5.1.01.01.021,account.data_account_type_direct_costs,l10n_ve_account_SH.ve_sh_chart_template_amd,True
account_activa_account_510101022,OTROS COSTOS ADUANALES,5.1.01.01.022,account.data_account_type_direct_costs,l10n_ve_account_SH.ve_sh_chart_template_amd,True
account_activa_account_510101023,SERVICIOS DE TRASLADO Y FLETES EN COMPRAS,5.1.01.01.023,account.data_account_type_direct_costs,l10n_ve_account_SH.ve_sh_chart_template_amd,True
account_activa_account_510101024,GASTOS COMIDAS TRABAJOS ESPECIALES,5.1.01.01.024,account.data_account_type_direct_costs,l10n_ve_account_SH.ve_sh_chart_template_amd,True
account_activa_account_510101025,COMISION Y BONIFICACION VENDEDORES,5.1.01.01.025,account.data_account_type_direct_costs,l10n_ve_account_SH.ve_sh_chart_template_amd,True
account_activa_account_510101026,COMISION DIRECTORES,5.1.01.01.026,account.data_account_type_direct_costs,l10n_ve_account_SH.ve_sh_chart_template_amd,True
account_activa_account_510101030,FLETE INTERNO COB CLIENTE,5.1.01.01.030,account.data_account_type_direct_costs,l10n_ve_account_SH.ve_sh_chart_template_amd,True
account_activa_account_510103,VARIACIONES COSTO VENTAS,5.1.01.03.,account.data_account_type_direct_costs,l10n_ve_account_SH.ve_sh_chart_template_amd,True
account_activa_account_510103001,VARIACION INVENTARIO DE MERCANCIA,5.1.01.03.001,account.data_account_type_direct_costs,l10n_ve_account_SH.ve_sh_chart_template_amd,True
account_activa_account_510104,COSTOS DE SERVICIOS PUBLICOS,5.1.01.04.,account.data_account_type_direct_costs,l10n_ve_account_SH.ve_sh_chart_template_amd,True
account_activa_account_510104001,Cto. SERVICIOS CANTV,5.1.01.04.001,account.data_account_type_direct_costs,l10n_ve_account_SH.ve_sh_chart_template_amd,True
account_activa_account_510104002,Cto. SERVICIOS ELECTRICIDAD,5.1.01.04.002,account.data_account_type_direct_costs,l10n_ve_account_SH.ve_sh_chart_template_amd,True
account_activa_account_510104003,Cto. SERVICIOS AGUA,5.1.01.04.003,account.data_account_type_direct_costs,l10n_ve_account_SH.ve_sh_chart_template_amd,True
account_activa_account_510104004,Cto. ASEO MUNICIPAL,5.1.01.04.004,account.data_account_type_direct_costs,l10n_ve_account_SH.ve_sh_chart_template_amd,True
account_activa_account_52,COSTOS DE VENTAS OPERACIONES,5.2.,account.data_account_type_direct_costs,l10n_ve_account_SH.ve_sh_chart_template_amd,True
account_activa_account_5201,MANO DE OBRA - OPERACIONES,5.2.01.,account.data_account_type_direct_costs,l10n_ve_account_SH.ve_sh_chart_template_amd,True
account_activa_account_520101,NOMINA OPERACIONES,5.2.01.01.,account.data_account_type_direct_costs,l10n_ve_account_SH.ve_sh_chart_template_amd,True
account_activa_account_520101001,SUELDOS P.OPERACIONES,5.2.01.01.001,account.data_account_type_direct_costs,l10n_ve_account_SH.ve_sh_chart_template_amd,True
account_activa_account_520101003,Cto.BONO DE ALIMENTACION ( CESTA TICKETS),5.2.01.01.003,account.data_account_type_direct_costs,l10n_ve_account_SH.ve_sh_chart_template_amd,True
account_activa_account_520101007,CTO. BONO VACACIONAL P.OPERACIONES,5.2.01.01.007,account.data_account_type_direct_costs,l10n_ve_account_SH.ve_sh_chart_template_amd,True
account_activa_account_520101008,CTO. VACACONES P.OPERACIONES,5.2.01.01.008,account.data_account_type_direct_costs,l10n_ve_account_SH.ve_sh_chart_template_amd,True
account_activa_account_520101009,CTO. UTILIDADES P.OPERACIONES,5.2.01.01.009,account.data_account_type_direct_costs,l10n_ve_account_SH.ve_sh_chart_template_amd,True
account_activa_account_520101010,CTO. PRESTACIONES SOCIALES P.OPERACIONES,5.2.01.01.010,account.data_account_type_direct_costs,l10n_ve_account_SH.ve_sh_chart_template_amd,True
account_activa_account_520101011,CTO. INTERESES P.SOCIALES P.OPERACIONES,5.2.01.01.011,account.data_account_type_direct_costs,l10n_ve_account_SH.ve_sh_chart_template_amd,True
account_activa_account_520101015,CTO. UNIFORMES P.OPERACIONES,5.2.01.01.015,account.data_account_type_direct_costs,l10n_ve_account_SH.ve_sh_chart_template_amd,True
account_activa_account_520101016,CTO. GUARDRIA P.OPERACIONES,5.2.01.01.016,account.data_account_type_direct_costs,l10n_ve_account_SH.ve_sh_chart_template_amd,True
account_activa_account_520101019,CTO. POLIZA DE SEGUROS: Patronal+Resp.,5.2.01.01.019,account.data_account_type_direct_costs,l10n_ve_account_SH.ve_sh_chart_template_amd,True
account_activa_account_520102,APORTES PATRONALES,5.2.01.02.,account.data_account_type_direct_costs,l10n_ve_account_SH.ve_sh_chart_template_amd,True
account_activa_account_520102001,COSTO APORTE IVSS OPERACIONES,5.2.01.02.001,account.data_account_type_direct_costs,l10n_ve_account_SH.ve_sh_chart_template_amd,True
account_activa_account_520102002,COSTO PARO FORZOSO OPERACIONES,5.2.01.02.002,account.data_account_type_direct_costs,l10n_ve_account_SH.ve_sh_chart_template_amd,True
account_activa_account_520102003,COSTO APORTE FAOV OPERACIONES,5.2.01.02.003,account.data_account_type_direct_costs,l10n_ve_account_SH.ve_sh_chart_template_amd,True
account_activa_account_520102004,COSTO APORTE INCES OPERACIONES,5.2.01.02.004,account.data_account_type_direct_costs,l10n_ve_account_SH.ve_sh_chart_template_amd,True
account_activa_account_5202,COSTOS OPERACIONES,5.2.02.,account.data_account_type_direct_costs,l10n_ve_account_SH.ve_sh_chart_template_amd,True
account_activa_account_520201,DEPRECIACION A.FIJO OPERACIONES,5.2.02.01.,account.data_account_type_direct_costs,l10n_ve_account_SH.ve_sh_chart_template_amd,True
account_activa_account_520201001,COSTO DEPREC. EDIFICIO,5.2.02.01.001,account.data_account_type_direct_costs,l10n_ve_account_SH.ve_sh_chart_template_amd,True
account_activa_account_520201002,COSTO DEPREC. MAQUINARIA,5.2.02.01.002,account.data_account_type_direct_costs,l10n_ve_account_SH.ve_sh_chart_template_amd,True
account_activa_account_520201003,COSTO DEPREC. MOBILIARIOS,5.2.02.01.003,account.data_account_type_direct_costs,l10n_ve_account_SH.ve_sh_chart_template_amd,True
account_activa_account_520201004,COSTO DEPREC. EQUIPO DE OFICINA,5.2.02.01.004,account.data_account_type_direct_costs,l10n_ve_account_SH.ve_sh_chart_template_amd,True
account_activa_account_520201005,COSTO DEPREC. VEHICULOS,5.2.02.01.005,account.data_account_type_direct_costs,l10n_ve_account_SH.ve_sh_chart_template_amd,True
account_activa_account_520201006,COSTO DEPREC. HERRAMIENTAS,5.2.02.01.006,account.data_account_type_direct_costs,l10n_ve_account_SH.ve_sh_chart_template_amd,True
account_activa_account_520202,COSTO DE ALQUILERES,5.2.02.02.,account.data_account_type_direct_costs,l10n_ve_account_SH.ve_sh_chart_template_amd,True
account_activa_account_520202001,COSTO ALQUILERES LOCALES,5.2.02.02.001,account.data_account_type_direct_costs,l10n_ve_account_SH.ve_sh_chart_template_amd,True
account_activa_account_520202002,COSTO ALQUILERES DE TERRENOS,5.2.02.02.002,account.data_account_type_direct_costs,l10n_ve_account_SH.ve_sh_chart_template_amd,True
account_activa_account_520203,COSTO DE MATERIALES Y SUMINISTROS,5.2.02.03.,account.data_account_type_direct_costs,l10n_ve_account_SH.ve_sh_chart_template_amd,True
account_activa_account_520203001,COSTO DE PAPELERIA y MAT. OFICINA,5.2.02.03.001,account.data_account_type_direct_costs,l10n_ve_account_SH.ve_sh_chart_template_amd,True
account_activa_account_520203003,COSTO DE MATERIALES DE LIMPIEZAS,5.2.02.03.003,account.data_account_type_direct_costs,l10n_ve_account_SH.ve_sh_chart_template_amd,True
account_activa_account_520203004,COSTO DE MATERIALES DE FERRETERIA,5.2.02.03.004,account.data_account_type_direct_costs,l10n_ve_account_SH.ve_sh_chart_template_amd,True
account_activa_account_520204,COSTO DE REPARACION & MANTENIMIENTOS,5.2.02.04.,account.data_account_type_direct_costs,l10n_ve_account_SH.ve_sh_chart_template_amd,True
account_activa_account_520204001,COSTO MTTO. REPARAC. MAQUINARIAS,5.2.02.04.001,account.data_account_type_direct_costs,l10n_ve_account_SH.ve_sh_chart_template_amd,True
account_activa_account_520204002,COSTO MTTO. REPARAC. VEHICULOS,5.2.02.04.002,account.data_account_type_direct_costs,l10n_ve_account_SH.ve_sh_chart_template_amd,True
account_activa_account_520204003,COSTO DE LUBRICANTES Y COMBUSTIBLES,5.2.02.04.003,account.data_account_type_direct_costs,l10n_ve_account_SH.ve_sh_chart_template_amd,True
account_activa_account_6,GASTOS,6.,account.data_account_type_expenses,l10n_ve_account_SH.ve_sh_chart_template_amd,True
account_activa_account_61,GASTOS DE ADMINISTRACION,6.1.,account.data_account_type_expenses,l10n_ve_account_SH.ve_sh_chart_template_amd,True
account_activa_account_6101,GASTOS DE ADMINISTRACION,6.1.01.,account.data_account_type_expenses,l10n_ve_account_SH.ve_sh_chart_template_amd,True
account_activa_account_610101,GASTOS DE PERSONAL,6.1.01.01.,account.data_account_type_expenses,l10n_ve_account_SH.ve_sh_chart_template_amd,True
account_activa_account_610101001,Gtos.x SUELDOS P.ADMINISTRACION,6.1.01.01.001,account.data_account_type_expenses,l10n_ve_account_SH.ve_sh_chart_template_amd,True
account_activa_account_610101003,Gtos. BONO ALIMENTACION (C.TICKETS) P.Adm.,6.1.01.01.003,account.data_account_type_expenses,l10n_ve_account_SH.ve_sh_chart_template_amd,True
account_activa_account_610101007,Gtos.x BONO VACACIONAL P.Adm.,6.1.01.01.007,account.data_account_type_expenses,l10n_ve_account_SH.ve_sh_chart_template_amd,True
account_activa_account_610101008,Gtos.x VACACIONES P.Adm.,6.1.01.01.008,account.data_account_type_expenses,l10n_ve_account_SH.ve_sh_chart_template_amd,True
account_activa_account_610101009,Gtos.x UTILIDADES P.Adm.,6.1.01.01.009,account.data_account_type_expenses,l10n_ve_account_SH.ve_sh_chart_template_amd,True
account_activa_account_610101010,Gtos.x PRESTACIONES SOCIALES P.Adm.,6.1.01.01.010,account.data_account_type_expenses,l10n_ve_account_SH.ve_sh_chart_template_amd,True
account_activa_account_610101011,Gtos.x INTERESES S/P. SOCIALES P.Adm.,6.1.01.01.011,account.data_account_type_expenses,l10n_ve_account_SH.ve_sh_chart_template_amd,True
account_activa_account_610101014,GASTOS MEDICINA OCUPACIONAL,6.1.01.01.014,account.data_account_type_expenses,l10n_ve_account_SH.ve_sh_chart_template_amd,True
account_activa_account_610101015,GASTOS UNIFORMES Y DOTACIONES,6.1.01.01.015,account.data_account_type_expenses,l10n_ve_account_SH.ve_sh_chart_template_amd,True
account_activa_account_610101016,GASTOS GUARDERIA P.Adm.,6.1.01.01.016,account.data_account_type_expenses,l10n_ve_account_SH.ve_sh_chart_template_amd,True
account_activa_account_610101019,Gtos. POLIZA DE SEGUROS: Patronal+Resp.,6.1.01.01.019,account.data_account_type_expenses,l10n_ve_account_SH.ve_sh_chart_template_amd,True
account_activa_account_610101020,Gtos. BONIFICACION FIN DE AÑO,6.1.01.01.020,account.data_account_type_expenses,l10n_ve_account_SH.ve_sh_chart_template_amd,True
account_activa_account_610101021,GASTOS PASANTIA INCES,6.1.01.01.021,account.data_account_type_expenses,l10n_ve_account_SH.ve_sh_chart_template_amd,True
account_activa_account_610101022,Gtos. HCM,6.1.01.01.022,account.data_account_type_expenses,l10n_ve_account_SH.ve_sh_chart_template_amd,True
account_activa_account_610101023,Gtos. BONIFICACION ESPECIAL (Adm.),6.1.01.01.023,account.data_account_type_expenses,l10n_ve_account_SH.ve_sh_chart_template_amd,True
account_activa_account_610101025,Gtos CAPACITACION DE PERSONAL,6.1.01.01.025,account.data_account_type_expenses,l10n_ve_account_SH.ve_sh_chart_template_amd,True
account_activa_account_610102,APORTES PATRONALES,6.1.01.02.,account.data_account_type_expenses,l10n_ve_account_SH.ve_sh_chart_template_amd,True
account_activa_account_610102001,Gtos. APORTE IVSS P.Adm.,6.1.01.02.001,account.data_account_type_expenses,l10n_ve_account_SH.ve_sh_chart_template_amd,True
account_activa_account_610102002,Gtos. APORTE PARO FORSOSO P.Adm.,6.1.01.02.002,account.data_account_type_expenses,l10n_ve_account_SH.ve_sh_chart_template_amd,True
account_activa_account_610102003,Gtos. APORTE FAOV P.Adm.,6.1.01.02.003,account.data_account_type_expenses,l10n_ve_account_SH.ve_sh_chart_template_amd,True
account_activa_account_610102004,Gtos. APORTE INCES P.Adm.,6.1.01.02.004,account.data_account_type_expenses,l10n_ve_account_SH.ve_sh_chart_template_amd,True
account_activa_account_6102,GASTOS DE ADMINISTRACION,6.1.02.,account.data_account_type_expenses,l10n_ve_account_SH.ve_sh_chart_template_amd,True
account_activa_account_610201,GASTO DE SUMINISTROS,6.1.02.01.,account.data_account_type_expenses,l10n_ve_account_SH.ve_sh_chart_template_amd,True
account_activa_account_610201001,SUMINISTROS OFICINA y PAPELERIA,6.1.02.01.001,account.data_account_type_expenses,l10n_ve_account_SH.ve_sh_chart_template_amd,True
account_activa_account_610201002,SUMINISTROS MATERIALES DE LIMPIEZAS,6.1.02.01.002,account.data_account_type_expenses,l10n_ve_account_SH.ve_sh_chart_template_amd,True
account_activa_account_610201003,SUMINISTROS MATERIALES FERRETERIA,6.1.02.01.003,account.data_account_type_expenses,l10n_ve_account_SH.ve_sh_chart_template_amd,True
account_activa_account_610201004,SUMINISTROS Y MATERIALES VARIOS,6.1.02.01.004,account.data_account_type_expenses,l10n_ve_account_SH.ve_sh_chart_template_amd,True
account_activa_account_610201005,SUMINISTRO PARA EQUIPOS DE COMPUTACION,6.1.02.01.005,account.data_account_type_expenses,l10n_ve_account_SH.ve_sh_chart_template_amd,True
account_activa_account_610202,GASTOS DE MANTENIMIENTO Y REPARACIONES,6.1.02.02.,account.data_account_type_expenses,l10n_ve_account_SH.ve_sh_chart_template_amd,True
account_activa_account_610202001,Gtos.MTTO. VEHICULOS,6.1.02.02.001,account.data_account_type_expenses,l10n_ve_account_SH.ve_sh_chart_template_amd,True
account_activa_account_610202002,Gtos.MTTO. INSTALACIONES,6.1.02.02.002,account.data_account_type_expenses,l10n_ve_account_SH.ve_sh_chart_template_amd,True
account_activa_account_610202003,Gtos.MTTO .EQUIPOS DE OFICINA,6.1.02.02.003,account.data_account_type_expenses,l10n_ve_account_SH.ve_sh_chart_template_amd,True
account_activa_account_610202004,Gtos.MTTO. RECARGA DE EXTINTORES,6.1.02.02.004,account.data_account_type_expenses,l10n_ve_account_SH.ve_sh_chart_template_amd,True
account_activa_account_610202005,Gtos.MTTO. REPARAC.DE REDES Y SISTEMAS,6.1.02.02.005,account.data_account_type_expenses,l10n_ve_account_SH.ve_sh_chart_template_amd,True
account_activa_account_610202006,Gtos.MTTO.  REPARAC. ARTICULOS LINEA BLANCA,6.1.02.02.006,account.data_account_type_expenses,l10n_ve_account_SH.ve_sh_chart_template_amd,True
account_activa_account_610202007,Gtos.MTTO.  REPARAC. ARTICULOS DE COMPUTACION,6.1.02.02.007,account.data_account_type_expenses,l10n_ve_account_SH.ve_sh_chart_template_amd,True
account_activa_account_610202008,Gtos.MTTO.  REPARAC. EQUIPOS REFRIGERACION,6.1.02.02.008,account.data_account_type_expenses,l10n_ve_account_SH.ve_sh_chart_template_amd,True
account_activa_account_610203,SERVICIOS PUBLICOS,6.1.02.03.,account.data_account_type_expenses,l10n_ve_account_SH.ve_sh_chart_template_amd,True
account_activa_account_610203001,SERVICIOS CANTV,6.1.02.03.001,account.data_account_type_expenses,l10n_ve_account_SH.ve_sh_chart_template_amd,True
account_activa_account_610203002,SERVICIOS ELECTRICIDAD,6.1.02.03.002,account.data_account_type_expenses,l10n_ve_account_SH.ve_sh_chart_template_amd,True
account_activa_account_610203003,SERVICIOS AGUA,6.1.02.03.003,account.data_account_type_expenses,l10n_ve_account_SH.ve_sh_chart_template_amd,True
account_activa_account_610203004,ASEO MUNICIPAL,6.1.02.03.004,account.data_account_type_expenses,l10n_ve_account_SH.ve_sh_chart_template_amd,True
account_activa_account_610203005,SERVICIO DE TV SATELITAL Y TV POR CABLE,6.1.02.03.005,account.data_account_type_expenses,l10n_ve_account_SH.ve_sh_chart_template_amd,True
account_activa_account_610204,FLETES Y GASTOS DE TRANSPORTE,6.1.02.04.,account.data_account_type_expenses,l10n_ve_account_SH.ve_sh_chart_template_amd,True
account_activa_account_610204001,CORREOS Y ENCOMIENDAS,6.1.02.04.001,account.data_account_type_expenses,l10n_ve_account_SH.ve_sh_chart_template_amd,True
account_activa_account_610204002,TAXIS Y VIATICOS,6.1.02.04.002,account.data_account_type_expenses,l10n_ve_account_SH.ve_sh_chart_template_amd,True
account_activa_account_610205,HONORARIOS PROFESIONALES,6.1.02.05.,account.data_account_type_expenses,l10n_ve_account_SH.ve_sh_chart_template_amd,True
account_activa_account_610205001,HONORARIOS PROFESIONALES,6.1.02.05.001,account.data_account_type_expenses,l10n_ve_account_SH.ve_sh_chart_template_amd,True
account_activa_account_610205002,GASTOS POR SERVICIOS CONTRATADOS,6.1.02.05.002,account.data_account_type_expenses,l10n_ve_account_SH.ve_sh_chart_template_amd,True
account_activa_account_610205003,GASTOS LEGALES,6.1.02.05.003,account.data_account_type_expenses,l10n_ve_account_SH.ve_sh_chart_template_amd,True
account_activa_account_610205004,Gtos. SEGURIDAD Y VIGILANCIA,6.1.02.05.004,account.data_account_type_expenses,l10n_ve_account_SH.ve_sh_chart_template_amd,True
account_activa_account_610206,GASTO DE ALQUILERES,6.1.02.06.,account.data_account_type_expenses,l10n_ve_account_SH.ve_sh_chart_template_amd,True
account_activa_account_610206001,Gtos.ALQUILER DE INMUEBLES,6.1.02.06.001,account.data_account_type_expenses,l10n_ve_account_SH.ve_sh_chart_template_amd,True
account_activa_account_610206002,Gtos.ALQUILER DE MAQUINARIAS Y EQUIPOS,6.1.02.06.002,account.data_account_type_expenses,l10n_ve_account_SH.ve_sh_chart_template_amd,True
account_activa_account_610206003,Gtos.ALQUILER DE ALMACEN Y EQUIPOS,6.1.02.06.003,account.data_account_type_expenses,l10n_ve_account_SH.ve_sh_chart_template_amd,True
account_activa_account_610206004,GASTOS DE CONDOMINIO,6.1.02.06.004,account.data_account_type_expenses,l10n_ve_account_SH.ve_sh_chart_template_amd,True
account_activa_account_610207,GASTO DE COMUNICACIONES,6.1.02.07.,account.data_account_type_expenses,l10n_ve_account_SH.ve_sh_chart_template_amd,True
account_activa_account_610207001,SERVICIO DE TELEFONIA MOVIL,6.1.02.07.001,account.data_account_type_expenses,l10n_ve_account_SH.ve_sh_chart_template_amd,True
account_activa_account_610207002,SERVICIO DE INTERNET,6.1.02.07.002,account.data_account_type_expenses,l10n_ve_account_SH.ve_sh_chart_template_amd,True
account_activa_account_610207003,SERVICIO GOOGLE,6.1.02.07.003,account.data_account_type_expenses,l10n_ve_account_SH.ve_sh_chart_template_amd,True
account_activa_account_610208,OTROS EGRESOS ADMINISTRATIVOS,6.1.02.08.,account.data_account_type_expenses,l10n_ve_account_SH.ve_sh_chart_template_amd,True
account_activa_account_610208001,GASTOS DE REPRESENTACION Y COMIDAS,6.1.02.08.001,account.data_account_type_expenses,l10n_ve_account_SH.ve_sh_chart_template_amd,True
account_activa_account_610208002,GASTOS DE AGASAJOS,6.1.02.08.002,account.data_account_type_expenses,l10n_ve_account_SH.ve_sh_chart_template_amd,True
account_activa_account_610208003,GASTOS DE CORTESIAS,6.1.02.08.003,account.data_account_type_expenses,l10n_ve_account_SH.ve_sh_chart_template_amd,True
account_activa_account_610208004,OBSEQUIOS y DONACIONES,6.1.02.08.004,account.data_account_type_expenses,l10n_ve_account_SH.ve_sh_chart_template_amd,True
account_activa_account_610208005,GASTOS PUBLICACIONES E IMPRESOS,6.1.02.08.005,account.data_account_type_expenses,l10n_ve_account_SH.ve_sh_chart_template_amd,True
account_activa_account_610208006,AGUA POTABLE,6.1.02.08.006,account.data_account_type_expenses,l10n_ve_account_SH.ve_sh_chart_template_amd,True
account_activa_account_610208007,FIESTA FIN DE AÑO,6.1.02.08.007,account.data_account_type_expenses,l10n_ve_account_SH.ve_sh_chart_template_amd,True
account_activa_account_610208008,GASTOS PUBLICIDAD Y PROPAGANDA,6.1.02.08.008,account.data_account_type_expenses,l10n_ve_account_SH.ve_sh_chart_template_amd,True
account_activa_account_610208009,GASTOS POLIZA INCENDIO/INUNDACION(EMP),6.1.02.08.009,account.data_account_type_expenses,l10n_ve_account_SH.ve_sh_chart_template_amd,True
account_activa_account_610208010,Gtos.COMIDAS TRABAJOS ESPECIALES (G.Adm.),6.1.02.08.010,account.data_account_type_expenses,l10n_ve_account_SH.ve_sh_chart_template_amd,True
account_activa_account_610209,GASTOS DE DEPRECIACION Y AMORTIZACION,6.1.02.09.,account.data_account_type_expenses,l10n_ve_account_SH.ve_sh_chart_template_amd,True
account_activa_account_610209001,GASTOS DEP. EDIFICIO,6.1.02.09.001,account.data_account_type_expenses,l10n_ve_account_SH.ve_sh_chart_template_amd,True
account_activa_account_610209002,GASTOS DEP. MAQUINARIAS,6.1.02.09.002,account.data_account_type_expenses,l10n_ve_account_SH.ve_sh_chart_template_amd,True
account_activa_account_610209003,GASTOS DEP. MOBILIARIOS,6.1.02.09.003,account.data_account_type_expenses,l10n_ve_account_SH.ve_sh_chart_template_amd,True
account_activa_account_610209004,GASTOS DEP. EQUIPO DE OFICINA,6.1.02.09.004,account.data_account_type_expenses,l10n_ve_account_SH.ve_sh_chart_template_amd,True
account_activa_account_610209005,GASTOS DEP. VEHICULOS,6.1.02.09.005,account.data_account_type_expenses,l10n_ve_account_SH.ve_sh_chart_template_amd,True
account_activa_account_610209006,GASTOS DEP. HERRAMIENTAS,6.1.02.09.006,account.data_account_type_expenses,l10n_ve_account_SH.ve_sh_chart_template_amd,True
account_activa_account_610209007,GASTOS DEP. EQUPO COMPUTACION,6.1.02.09.007,account.data_account_type_expenses,l10n_ve_account_SH.ve_sh_chart_template_amd,True
account_activa_account_62,GASTOS NO OPERACIONALES,6.2.,account.data_account_type_expenses,l10n_ve_account_SH.ve_sh_chart_template_amd,True
account_activa_account_6201,GASTOS FINANCIEROS,6.2.01.,account.data_account_type_expenses,l10n_ve_account_SH.ve_sh_chart_template_amd,True
account_activa_account_620101,GASTOS POR FINANCIAMIENTO,6.2.01.01.,account.data_account_type_expenses,l10n_ve_account_SH.ve_sh_chart_template_amd,True
account_activa_account_620101001,GASTOS POR INTERESES P.BANCARIOS,6.2.01.01.001,account.data_account_type_expenses,l10n_ve_account_SH.ve_sh_chart_template_amd,True
account_activa_account_620101002,COMISIONES POR FINANCIAMIENTOS,6.2.01.01.002,account.data_account_type_expenses,l10n_ve_account_SH.ve_sh_chart_template_amd,True
account_activa_account_620102,GASTOS BANCARIOS,6.2.01.02.,account.data_account_type_expenses,l10n_ve_account_SH.ve_sh_chart_template_amd,True
account_activa_account_620102001,COMISIONES BANCARIAS,6.2.01.02.001,account.data_account_type_expenses,l10n_ve_account_SH.ve_sh_chart_template_amd,True
account_activa_account_620102002,COMISIONES T.DEBITO / T.CREDITO,6.2.01.02.002,account.data_account_type_expenses,l10n_ve_account_SH.ve_sh_chart_template_amd,True
account_activa_account_620102003,EGRESO POR INTERESES BANCARIOS,6.2.01.02.003,account.data_account_type_expenses,l10n_ve_account_SH.ve_sh_chart_template_amd,True
account_activa_account_620102004,GASTOS POR I.G.T.F.,6.2.01.02.004,account.data_account_type_expenses,l10n_ve_account_SH.ve_sh_chart_template_amd,True
account_activa_account_6202,GASTOS POR IMPUESTO,6.2.02.,account.data_account_type_expenses,l10n_ve_account_SH.ve_sh_chart_template_amd,True
account_activa_account_620201,GASTOS POR IMPUESTO,6.2.02.01.,account.data_account_type_expenses,l10n_ve_account_SH.ve_sh_chart_template_amd,True
account_activa_account_620201001,GASTO ISLR - Declaracion Def.,6.2.02.01.001,account.data_account_type_expenses,l10n_ve_account_SH.ve_sh_chart_template_amd,True
account_activa_account_620201005,Gtos. IMPUESTO ACTIVIDAD ECONOMINCA,6.2.02.01.005,account.data_account_type_expenses,l10n_ve_account_SH.ve_sh_chart_template_amd,True
account_activa_account_620201006,Gtos. IMPUESTO PUBLICIDAD,6.2.02.01.006,account.data_account_type_expenses,l10n_ve_account_SH.ve_sh_chart_template_amd,True
account_activa_account_620201007,Gtos. IMPUESTO CATASTRO,6.2.02.01.007,account.data_account_type_expenses,l10n_ve_account_SH.ve_sh_chart_template_amd,True
account_activa_account_620202,GASTOS POR IMPUESTO DIFERIDOS,6.2.02.02.,account.data_account_type_expenses,l10n_ve_account_SH.ve_sh_chart_template_amd,True
account_activa_account_6203,OTROS GASTOS NO OPERACIONALES,6.2.03.,account.data_account_type_expenses,l10n_ve_account_SH.ve_sh_chart_template_amd,True
account_activa_account_620301,GASTOS NO DEDUCIBLES,6.2.03.01.,account.data_account_type_expenses,l10n_ve_account_SH.ve_sh_chart_template_amd,True
account_activa_account_620301001,MULTAS E INFRACCIONES,6.2.03.01.001,account.data_account_type_expenses,l10n_ve_account_SH.ve_sh_chart_template_amd,True
account_activa_account_620302,OTROS GASTOS,6.2.03.02.,account.data_account_type_expenses,l10n_ve_account_SH.ve_sh_chart_template_amd,True
account_activa_account_620302001,PERDIDA EN CUENTAS INCOBRABLES,6.2.03.02.001,account.data_account_type_expenses,l10n_ve_account_SH.ve_sh_chart_template_amd,True
account_activa_account_620302002,INTERES POR MORA ( NO BANCARIO ),6.2.03.02.002,account.data_account_type_expenses,l10n_ve_account_SH.ve_sh_chart_template_amd,True
account_activa_account_620302003,PERDIDA EN VENTA DE ACTIVO NO CORRIENTE,6.2.03.02.003,account.data_account_type_expenses,l10n_ve_account_SH.ve_sh_chart_template_amd,True
